source_id,ra,ra_error,dec,dec_error,pmra,pmra_error,pmdec,pmdec_error,parallax,parallax_error,radial_velocity,radial_velocity_error,phot_g_mean_mag,l,b,phot_bp_mean_mag,phot_rp_mean_mag,bp_rp,distance,pm_l_poleski,pm_b_poleski,galactic distance,circular velocity,LSR velocity,mu_l_sol,mu_b_sol,mu_l_rot,mu_b_rot,Peculiar Velocity,peculiar_mu_l,peculiar_mu_b,SpType,Mod_SpType,SpColor,Mass_compact,M_compact_lower,M_compact_upper,Mass_companion,M_companion_lower,M_companion_upper,Name,Trace Time
5976382915813535232,255.9865659301791,0.021049443632364273,-37.8441202722809,0.012138224206864834,2.4137032635492046,0.028064759448170662,5.021949969731823,0.021347088739275932,0.6327358617075665,0.02594889886677265,nan,nan,6.420469760894775,347.75444710988126,2.173492429913019,6.575953483581543,6.088586330413818,0.4873671531677246,1.5804383163952436,5.459355496184255,1.114173464609666,6.9646916981903955,221.52058975292903,-56.84609840595855,-2.079921136161054,-0.974954593248736,-0.333036617639879,0.052075832776272056,60.9160634716124,7.872313249985188,2.03705222508213,O6Iafcp,xkcd:blue,xkcd:blue,1.96,1.77,2.15,,,,HD 153919,7.022759916857373
